{
    "accuracies": [
        0.3193,
        0.4036,
        0.4552,
        0.4872,
        0.5082,
        0.5281,
        0.5485,
        0.5774,
        0.6015,
        0.6529,
        0.6375,
        0.633,
        0.6594,
        0.7018,
        0.7081,
        0.6719,
        0.6952,
        0.7096,
        0.6884,
        0.7321,
        0.734,
        0.7427,
        0.7306,
        0.7124,
        0.7334,
        0.7397,
        0.6902,
        0.7493,
        0.7032,
        0.7183,
        0.7267,
        0.7419,
        0.7386,
        0.7298,
        0.7044,
        0.7375,
        0.7538,
        0.7415,
        0.6808,
        0.711
    ],
    "completed_epochs": 40,
    "current_image_size": 32,
    "test_losses": [
        1.7975804643630982,
        1.6312462659835816,
        1.4909495122909546,
        1.402200093460083,
        1.3456026088714599,
        1.3022951135635377,
        1.2396121170043946,
        1.1568820737838745,
        1.0910089443206787,
        0.9896536322593689,
        1.011862020111084,
        1.078950954914093,
        0.9679312798500062,
        0.8554523827552796,
        0.8337504510879516,
        0.9410733227729797,
        0.8555897638320923,
        0.815635637664795,
        0.8995942485809326,
        0.7812309133529663,
        0.7634574577331543,
        0.7261058555603027,
        0.7555784029960633,
        0.8329149985313415,
        0.7846945566177368,
        0.7408479366302491,
        0.8952830311775207,
        0.7101420808792114,
        0.8376142619609833,
        0.7924632724761963,
        0.7924708675384522,
        0.7340534201622009,
        0.7429401989459992,
        0.798249935722351,
        0.8481366303443909,
        0.7473145216941833,
        0.6971927091598511,
        0.7718406444072723,
        0.954108867263794,
        0.8638176262378693
    ],
    "train_losses": [
        1.9200250439834594,
        1.7084715759658813,
        1.6400524454879761,
        1.5091951180648804,
        1.4280515118408204,
        1.368236884765625,
        1.2757693111038209,
        1.2047866790390014,
        1.1266883796310425,
        1.0280006110191344,
        0.9763969634437561,
        0.9316426642036438,
        0.9102283141708374,
        0.8801747425842286,
        0.8629478248977661,
        0.8469560533523559,
        0.8246373620796204,
        0.8134482147789002,
        0.8124865659332275,
        0.7886930666637421,
        0.7936753514289856,
        0.7823133765316009,
        0.7697975487995148,
        0.7745255764007568,
        0.7658580475711823,
        0.760256059551239,
        0.7596298557472229,
        0.7527352080059051,
        0.7454157987785339,
        0.7474552164936066,
        0.7444437547874451,
        0.7396097672271729,
        0.7349486097240449,
        0.7272468529033661,
        0.7321794206809997,
        0.7246347107505798,
        0.720075864648819,
        0.7204452050113678,
        0.7146925249958038,
        0.7233684584999085
    ]
}