{
    "accuracies": [
        0.4416,
        0.4655,
        0.4591,
        0.5158,
        0.5474,
        0.5619,
        0.5448,
        0.5737,
        0.5785,
        0.577,
        0.5977,
        0.5428,
        0.5835,
        0.5907,
        0.561,
        0.619,
        0.6131,
        0.6033,
        0.5942,
        0.6194,
        0.6038,
        0.6394,
        0.6351,
        0.5992,
        0.6514,
        0.6283,
        0.6149,
        0.6228,
        0.6453,
        0.6403,
        0.6242,
        0.6546,
        0.6257,
        0.6508,
        0.6173,
        0.6521,
        0.6276,
        0.645,
        0.6528,
        0.6274
    ],
    "completed_epochs": 40,
    "current_image_size": 32,
    "test_losses": [
        1.5344359970092774,
        1.4521401889801024,
        1.425124746131897,
        1.3373854038238526,
        1.2375036911010742,
        1.2098785133361816,
        1.2653242352485656,
        1.1901009281158448,
        1.17728031539917,
        1.2068172164916993,
        1.136233052635193,
        1.2803776010513306,
        1.1661116222381591,
        1.1511809726715088,
        1.2445919954299927,
        1.0841839393615722,
        1.0718103546142579,
        1.107665005493164,
        1.1102067268371583,
        1.0515322189331056,
        1.1487822786331177,
        1.0326060089111329,
        1.0287548912048339,
        1.1700813891410828,
        0.9696952869415283,
        1.039945026397705,
        1.1002090467453003,
        1.0460777290344239,
        1.0134669503211975,
        0.9916976894378662,
        1.0695580224037171,
        0.970523725605011,
        1.052149536705017,
        0.9685952766418457,
        1.0764179837226868,
        0.9691792743682861,
        1.0577096605300904,
        1.009780690574646,
        0.9919628437995911,
        1.0364367895126343
    ],
    "train_losses": [
        1.824613180809021,
        1.5058548165893555,
        1.4154622703170776,
        1.3334539233779907,
        1.2828731278991699,
        1.2357513742256165,
        1.205222701034546,
        1.1736767351150512,
        1.154236726322174,
        1.1335179214859008,
        1.1167669729995728,
        1.1010195396995544,
        1.1036494198608398,
        1.0688296398162842,
        1.0544101001548767,
        1.056912626953125,
        1.052759151210785,
        1.0334795340538026,
        1.0382319982147217,
        1.0331706414794921,
        1.020964164390564,
        1.0219823668289185,
        1.0113185732841492,
        1.0121320632362365,
        1.0060411673927308,
        1.0165375433158874,
        0.9993727001953125,
        1.004158720149994,
        0.9970022009468079,
        0.9889573182678223,
        0.9901266338157654,
        0.9895032193946839,
        0.9868567574310303,
        0.9811190809631347,
        0.979200804347992,
        0.9790209391403198,
        0.9770643877410888,
        0.9718255752372742,
        0.9705106769371032,
        0.9645925359344483
    ]
}